mysql> select city from address_book;
+--------+
| city   |
+--------+
| Hassan |
| Vizak  |
| Hassan |
| Vizak  |
+--------+
4 rows in set (0.00 sec)

mysql> select state from address_book;
+-----------+
| state     |
+-----------+
| Karnataka |
| Hydrabadh |
| Karnataka |
| Hydrabadh |
+-----------+
4 rows in set (0.00 sec)

mysql>
